date,t,y
2024-06-01,0,2.394761290410543
2024-06-01,1,0.8941198581534634
2024-06-01,2,1.3970435538203212
2024-06-02,3,0.4321899897699391
2024-06-02,4,1.0853057032218427
2024-06-02,5,0.6236925603244671
2024-06-03,6,0.6959444128133782
2024-06-03,7,0.6953204225671837
2024-06-03,8,-0.7014226342465852
2024-06-04,9,-1.0427007130060275
2024-06-04,10,0.1357674732600217
2024-06-05,11,-0.4426058004670648
2024-06-05,12,-0.11605289586377032
2024-06-05,13,-0.964696563089078
2024-06-06,14,-1.1717879541080896
2024-06-06,15,-2.150317838820282
2024-06-06,16,-0.6388214978437572
2024-06-07,17,-2.5032221124681318
2024-06-07,18,-2.096711980948072
2024-06-07,19,-2.144841408358899
2024-06-08,20,-2.42417036979331
2024-06-08,21,-3.3968933917442676
2024-06-09,22,-2.5352667840007763
2024-06-09,23,-3.8346929177138507
2024-06-09,24,-2.9295209092562935
2024-06-10,25,-2.9566270805768187
2024-06-10,26,-4.2176093722070815
2024-06-10,27,-4.0766965965097945
2024-06-11,28,-3.4958630742324783
2024-06-11,29,-4.971012654124794
2024-06-11,30,-6.205342209797214
2024-06-12,31,-4.828611025677199
2024-06-12,32,-4.650938566162877
2024-06-13,33,-5.0755396498953615
2024-06-13,34,-5.3127640874985556
2024-06-13,35,-6.463992277471947
2024-06-14,36,-6.306526357667296
2024-06-14,37,-5.955309279505859
2024-06-14,38,-6.376275422010819
2024-06-15,39,-6.221783163803965
2024-06-15,40,-7.773799522422891
2024-06-15,41,-6.700302786156016
2024-06-16,42,-8.540064638781487
2024-06-16,43,-7.840323591489847
2024-06-17,44,-8.265423645907052
2024-06-17,45,-7.5327426258629835
2024-06-17,46,-8.56140792344348
2024-06-18,47,-9.026526656474752
2024-06-18,48,-8.046721294500166
2024-06-18,49,-10.02577453497046
2024-06-19,50,-8.61191182604568
2024-06-19,51,-9.687668379960446
2024-06-19,52,-9.92873479034801
2024-06-20,53,-10.054439293615909
2024-06-20,54,-9.017015224441812
2024-06-21,55,-10.376239760947447
2024-06-21,56,-8.639083546330758
2024-06-21,57,-10.430664380560113
2024-06-22,58,-9.593042975612006
2024-06-22,59,-11.355103690317392
2024-06-22,60,-11.351939833714118
2024-06-23,61,-11.359095545500594
2024-06-23,62,-10.798703134446932
2024-06-24,63,-12.951140459202135
2024-06-24,64,-11.332165765949908
2024-06-24,65,-11.771518566364165
2024-06-25,66,-11.360488764617916
2024-06-25,67,-11.037934204716791
2024-06-25,68,-11.73550569255173
2024-06-26,69,-11.92512820286823
2024-06-26,70,-12.600711528923048
2024-06-26,71,-12.753285231334054
2024-06-27,72,-12.930373263744755
2024-06-27,73,-12.694230154793212
2024-06-28,74,-13.616298197936416
2024-06-28,75,-11.868479104647935
2024-06-28,76,-13.96688319447613
2024-06-29,77,-14.436367295072408
2024-06-29,78,-14.30044688152243
2024-06-29,79,-14.242629003647853
2024-06-30,80,-14.737326999010524
2024-06-30,81,-15.06290629949745
2024-06-30,82,-16.500689416426546
2024-07-01,83,-7.004498323068201
2024-07-01,84,-15.742110653547366
2024-07-02,85,-16.557630708184593
2024-07-02,86,-15.536605879690674
2024-07-02,87,-15.520742126605677
2024-07-03,88,-14.566039510519158
2024-07-03,89,-15.492787383241268
2024-07-03,90,-15.176615441326739
2024-07-04,91,-16.085015176836354
2024-07-04,92,-16.725024507511275
2024-07-04,93,-16.72648689580112
2024-07-05,94,-17.202465016802815
2024-07-05,95,-16.9462179259038
2024-07-06,96,-17.774715125867232
2024-07-06,97,-18.397039419097446
2024-07-06,98,-19.681389215242024
2024-07-07,99,-19.006752818497443
2024-07-07,100,-18.814148828965667
2024-07-07,101,-18.72972477381949
2024-07-08,102,-19.000334309380396
2024-07-08,103,-18.9232295080293
2024-07-08,104,-19.259279586667077
2024-07-09,105,-19.079285435999648
2024-07-09,106,-19.364567355634698
2024-07-10,107,-19.38058092458517
2024-07-10,108,-20.792979545006386
2024-07-10,109,-19.612988267394435
2024-07-11,110,-20.32654199050043
2024-07-11,111,-21.540106197332783
2024-07-11,112,-21.73182929683022
2024-07-12,113,-20.840054375732763
2024-07-12,114,-20.97902370843322
2024-07-13,115,-21.479773906553422
2024-07-13,116,-20.413103318326744
2024-07-13,117,-22.635747474914485
2024-07-14,118,-22.973215643623362
2024-07-14,119,-21.56460465600043
2024-07-14,120,-22.53517585791286
2024-07-15,121,-23.267227259691474
2024-07-15,122,-22.950609999506124
2024-07-15,123,-22.61145492645855
2024-07-16,124,-23.650338360330135
2024-07-16,125,-23.21450233267544
2024-07-17,126,-23.263037265551503
2024-07-17,127,-23.162304364541782
2024-07-17,128,-24.351559663202686
2024-07-18,129,-25.138983378342516
2024-07-18,130,-25.170268817611618
2024-07-18,131,-24.83431357572504
2024-07-19,132,-25.376600427332804
2024-07-19,133,-25.021909695234633
2024-07-19,134,-25.5162583316025
2024-07-20,135,-25.62870178759685
2024-07-20,136,-25.560960580443034
2024-07-21,137,-25.889353380934093
2024-07-21,138,-27.276699479532777
2024-07-21,139,-26.413342155831838
2024-07-22,140,-25.954688432027616
2024-07-22,141,-28.236053753366335
2024-07-22,142,-27.690806099841485
2024-07-23,143,-27.896410094878135
2024-07-23,144,-27.903972413559348
2024-07-23,145,-26.604441916732732
2024-07-24,146,-32.96866119452087
2024-07-24,147,-28.34071182211783
2024-07-25,148,-27.166173222706618
2024-07-25,149,-30.08692975387389
2024-07-25,150,-28.162618623452797
2024-07-26,151,-27.844255653479127
2024-07-26,152,-28.919428184131803
2024-07-26,153,-29.567579427255424
2024-07-27,154,-29.544540041187382
2024-07-27,155,-29.99234173297783
2024-07-27,156,-30.06318890558805
2024-07-28,157,-30.535924323794312
2024-07-28,158,-29.74171313633622
2024-07-29,159,-31.36131618985289
2024-07-29,160,-30.739860046585825
2024-07-29,161,-30.977568851456
2024-07-30,162,-31.79282926893409
2024-07-30,163,-30.546712660491647
2024-07-30,164,-32.1125098930938
2024-07-31,165,-30.650616078939603
2024-07-31,166,-31.281870525008152
2024-08-01,167,-33.00448143213763
2024-08-01,168,-31.427172539445596
2024-08-01,169,-33.12492349575902
2024-08-02,170,-31.81417213264782
2024-08-02,171,-33.76092511075727
2024-08-02,172,-31.22282076382097
2024-08-03,173,-32.93286794300748
2024-08-03,174,-33.24872427973827
2024-08-03,175,-33.123257183579
2024-08-04,176,-34.71459108896809
2024-08-04,177,-32.86165548678806
2024-08-05,178,-34.6930886803726
2024-08-05,179,-35.9522889790897
2024-08-05,180,-34.060705949834535
2024-08-06,181,-34.838647169777666
2024-08-06,182,-34.70170190691697
2024-08-06,183,-36.85508924123234
2024-08-07,184,-35.12679710212734
2024-08-07,185,-35.27442974618158
2024-08-07,186,-36.4292915170195
2024-08-08,187,-38.51204027170411
2024-08-08,188,-35.38216293443439
2024-08-09,189,-35.836284179322135
2024-08-09,190,-36.95563059798971
2024-08-09,191,-37.507882297529534
2024-08-10,192,-37.6222908778437
2024-08-10,193,-37.2569354361501
2024-08-10,194,-37.281981940262774
2024-08-11,195,-36.812965010289794
2024-08-11,196,-36.54465714779578
2024-08-11,197,-38.131814417623794
2024-08-12,198,-38.147896374619286
2024-08-12,199,-37.99209316904751
2024-08-13,200,-38.14137241887893
2024-08-13,201,-38.05298819935523
2024-08-13,202,-38.13979906978873
2024-08-14,203,-39.50958257189146
2024-08-14,204,-39.84204382051427
2024-08-14,205,-41.02721180944417
2024-08-15,206,-41.98939566655886
2024-08-15,207,-39.75184472039966
2024-08-15,208,-40.528346329655996
2024-08-16,209,-40.21697147778653
2024-08-16,210,-39.757884727643685
2024-08-17,211,-40.826623097803676
2024-08-17,212,-40.61696631983123
2024-08-17,213,-40.811450860828394
2024-08-18,214,-41.827857867362184
2024-08-18,215,-40.91305009281501
2024-08-18,216,-41.788076866095935
2024-08-19,217,-40.93851522679199
2024-08-19,218,-40.46669070755876
2024-08-20,219,-42.67408333730839
2024-08-20,220,-43.42464833727614
2024-08-20,221,-42.21379239104016
2024-08-21,222,-44.101969096473255
2024-08-21,223,-43.027927577636945
2024-08-21,224,-44.34044076705777
2024-08-22,225,-44.57414024373697
2024-08-22,226,-42.86911012548095
2024-08-22,227,-44.45194441379685
2024-08-23,228,-44.932996221575905
2024-08-23,229,-45.406610523329775
2024-08-24,230,-44.41703813100988
2024-08-24,231,-44.4863253203258
2024-08-24,232,-45.119421163623436
2024-08-25,233,-45.87166526113421
2024-08-25,234,-45.87474037106173
2024-08-25,235,-45.03756180134095
2024-08-26,236,-38.62609122839345
2024-08-26,237,-49.97436899162549
2024-08-26,238,-45.53208136325691
2024-08-27,239,-45.27011061299927
2024-08-27,240,-46.68481334828419
2024-08-28,241,-46.9934385477571
2024-08-28,242,-47.14427057007263
2024-08-28,243,-46.990461985119815
2024-08-29,244,-48.32664462084909
2024-08-29,245,-42.123379176525475
2024-08-29,246,-48.09504973073345
2024-08-30,247,-47.97863352005606
2024-08-30,248,-48.76091207795401
2024-08-30,249,-47.332718118231284
2024-08-31,250,-49.035274946828835
2024-08-31,251,-49.75546452368052
2024-09-01,252,-50.26215939855902
2024-09-01,253,-49.238783814261616
2024-09-01,254,-49.49207646116366
2024-09-02,255,-49.479590525843406
2024-09-02,256,-49.549421010662925
2024-09-02,257,-49.490567580190934
2024-09-03,258,-50.16260694792184
2024-09-03,259,-51.41320594486521
2024-09-03,260,-50.39894865952366
2024-09-04,261,-49.50451196347454
2024-09-04,262,-50.286200387897956
2024-09-05,263,-51.20803407793632
2024-09-05,264,-51.683032634721364
2024-09-05,265,-52.662192173908494
2024-09-06,266,-52.63835660818661
2024-09-06,267,-50.94462874501308
2024-09-06,268,-52.390296413100025
2024-09-07,269,-51.453658406160926
2024-09-07,270,-52.23319058782074
2024-09-08,271,-52.769755274827574
2024-09-08,272,-53.165559366899
2024-09-08,273,-52.70927289466086
2024-09-09,274,-54.49195435791689
2024-09-09,275,-54.45186364849981
2024-09-09,276,-53.71251378836275
2024-09-10,277,-57.60999722036842
2024-09-10,278,-54.12685080840714
2024-09-10,279,-53.78637788312317
2024-09-11,280,-54.647838912526865
2024-09-11,281,-54.04282980179405
2024-09-12,282,-54.75551406499353
2024-09-12,283,-55.31972956986099
2024-09-12,284,-55.62117825775196
2024-09-13,285,-56.580894511447326
2024-09-13,286,-54.771969701944066
2024-09-13,287,-56.225398873211
2024-09-14,288,-56.922364083945055
2024-09-14,289,-57.12076064329029
2024-09-14,290,-56.74544222945725
2024-09-15,291,-55.55844332577486
2024-09-15,292,-56.87945149000983
2024-09-16,293,-57.2835881833398
2024-09-16,294,-56.94626177058308
2024-09-16,295,-58.98300337775042
2024-09-17,296,-57.99808651216746
2024-09-17,297,-57.941331328905186
2024-09-17,298,-58.94660819562441
2024-09-18,299,-59.30177209265238
2024-09-18,300,-58.57721049951639
2024-09-18,301,-60.485581493234015
2024-09-19,302,-59.52903189391849
2024-09-19,303,-58.27741355992684
2024-09-20,304,-58.58642663200308
2024-09-20,305,-58.80251784749613
2024-09-20,306,-59.48825299601855
2024-09-21,307,-59.83194310106427
2024-09-21,308,-59.93487952094191
2024-09-21,309,-61.265953329499894
2024-09-22,310,-61.587405177074146
2024-09-22,311,-60.62535219311392
2024-09-22,312,-61.38958645698181
2024-09-23,313,-59.57735063974851
2024-09-23,314,-62.487711775559596
2024-09-24,315,-61.412448586669534
2024-09-24,316,-60.941258904054415
2024-09-24,317,-61.740450419988576
2024-09-25,318,-62.11587768063755
2024-09-25,319,-63.04967935530867
2024-09-25,320,-61.954071810757156
2024-09-26,321,-63.17987740896841
2024-09-26,322,-62.299741364895254
2024-09-27,323,-64.5018383930049
2024-09-27,324,-63.4610929960694
2024-09-27,325,-64.19583240272094
2024-09-28,326,-64.1957939070964
2024-09-28,327,-63.2515376040417
2024-09-28,328,-64.22187679625038
2024-09-29,329,-64.79436537875583
2024-09-29,330,-66.12119998912623
2024-09-29,331,-65.12772090836332
2024-09-30,332,-64.73666042284852
2024-09-30,333,-65.54055964380734
2024-10-01,334,-66.6957253734143
2024-10-01,335,-63.872987290505705
2024-10-01,336,-65.23062391023679
2024-10-02,337,-66.58306126363857
2024-10-02,338,-65.26360807807941
2024-10-02,339,-66.71737353162264
2024-10-03,340,-66.82433659666657
2024-10-03,341,-66.31493252707352
2024-10-03,342,-68.05400414708932
2024-10-04,343,-66.41478201991622
2024-10-04,344,-68.27531190465572
2024-10-05,345,-67.21113541480861
2024-10-05,346,-67.08332661631749
2024-10-05,347,-72.43945870248541
2024-10-06,348,-67.22287007510019
2024-10-06,349,-65.96020885541756
2024-10-06,350,-67.69197729933688
2024-10-07,351,-67.82552626785468
2024-10-07,352,-69.19520240324094
2024-10-07,353,-70.47402719578274
2024-10-08,354,-69.00287373363567
2024-10-08,355,-68.2375001989098
2024-10-09,356,-69.85834047497762
2024-10-09,357,-70.38677696050736
2024-10-09,358,-70.45396895572435
2024-10-10,359,-69.96856614725422
2024-10-10,360,-70.72911248015562
2024-10-10,361,-70.71890122272468
2024-10-11,362,-71.07140418382029
2024-10-11,363,-71.68246744032768
2024-10-11,364,-71.11402146503056
2024-10-12,365,-71.79643686294055
2024-10-12,366,-71.74251723356127
2024-10-13,367,-68.25775521512293
2024-10-13,368,-72.42419659467024
2024-10-13,369,-72.5388644330316
2024-10-14,370,-71.41544509891403
2024-10-14,371,-73.16120426885333
2024-10-14,372,-72.92245292005163
2024-10-15,373,-71.28429487953511
2024-10-15,374,-71.92584467290027
2024-10-16,375,-72.85630083302262
2024-10-16,376,-73.19672474763856
2024-10-16,377,-71.67395005577032
2024-10-17,378,-72.68137551422049
2024-10-17,379,-72.3189487282309
2024-10-17,380,-72.98112457581993
2024-10-18,381,-72.78375765354636
2024-10-18,382,-72.12304445231202
2024-10-18,383,-72.36388048811932
2024-10-19,384,-72.10495537126275
2024-10-19,385,-72.27819852946288
2024-10-20,386,-74.11692594901048
2024-10-20,387,-73.22200202788119
2024-10-20,388,-72.8274335989106
2024-10-21,389,-72.5450545804816
2024-10-21,390,-72.66811113110393
2024-10-21,391,-72.45396875124815
2024-10-22,392,-73.61620318652496
2024-10-22,393,-72.56053115280125
2024-10-22,394,-73.4644124407117
2024-10-23,395,-72.80360679974831
2024-10-23,396,-72.80508202132052
2024-10-24,397,-72.88793582101094
2024-10-24,398,-72.66705469875801
2024-10-24,399,-75.30985750504419
2024-10-25,400,-72.53876101188861
2024-10-25,401,-72.79627360386543
2024-10-25,402,-72.1440791136622
2024-10-26,403,-73.7167553729004
2024-10-26,404,-73.69710171316362
2024-10-26,405,-72.70661711288948
2024-10-27,406,-73.6762339085208
2024-10-27,407,-73.96613350299214
2024-10-28,408,-73.24258983381472
2024-10-28,409,-73.85347892987338
2024-10-28,410,-74.0181430176183
2024-10-29,411,-74.15283544284276
2024-10-29,412,-74.24035541222399
2024-10-29,413,-72.81354601148979
2024-10-30,414,-73.18390513474003
2024-10-30,415,-74.02116213863144
2024-10-30,416,-74.26398267412077
2024-10-31,417,-75.18017834303801
2024-10-31,418,-75.02504218814468
2024-11-01,419,-72.61455941300237
2024-11-01,420,-73.88564822691342
2024-11-01,421,-74.28154043437017
2024-11-02,422,-74.41902788053129
2024-11-02,423,-73.77018706600913
2024-11-02,424,-72.49768581264115
2024-11-03,425,-74.48583705772604
2024-11-03,426,-74.02468663196842
2024-11-04,427,-73.40934908265862
2024-11-04,428,-73.14169056315853
2024-11-04,429,-74.13838497001004
2024-11-05,430,-75.48834017253192
2024-11-05,431,-74.70162389997641
2024-11-05,432,-74.06846021774945
2024-11-06,433,-73.630670122382
2024-11-06,434,-75.08249794344113
2024-11-06,435,-74.80984623447766
2024-11-07,436,-76.37825646175625
2024-11-07,437,-74.32756236590268
2024-11-08,438,-74.59191669199866
2024-11-08,439,-75.73261303115407
2024-11-08,440,-74.41119112638305
2024-11-09,441,-75.96273604392167
2024-11-09,442,-75.25320808124249
2024-11-09,443,-75.44281760490436
2024-11-10,444,-72.22927810039607
2024-11-10,445,-74.69521688835674
2024-11-10,446,-75.10360817758361
2024-11-11,447,-76.08646400718062
2024-11-11,448,-74.14208585659331
2024-11-12,449,-75.45534538155607
2024-11-12,450,-74.93191687595521
2024-11-12,451,-76.44456661730591
2024-11-13,452,-76.0716439162607
2024-11-13,453,-75.04453012973538
2024-11-13,454,-74.21268016196332
2024-11-14,455,-69.46553967235893
2024-11-14,456,-74.98563517250243
2024-11-14,457,-75.55051022112009
2024-11-15,458,-76.01570886183299
2024-11-15,459,-77.84059109343144
2024-11-16,460,-76.03337379735235
2024-11-16,461,-74.84689558251439
2024-11-16,462,-74.99530277359578
2024-11-17,463,-74.96038906359769
2024-11-17,464,-76.37499782964224
2024-11-17,465,-76.10741842210606
2024-11-18,466,-75.27024739760337
2024-11-18,467,-75.45936244713393
2024-11-18,468,-79.80905025830926
2024-11-19,469,-75.69701500384032
2024-11-19,470,-77.96065295843042
2024-11-20,471,-76.48384462723257
2024-11-20,472,-77.20738185113848
2024-11-20,473,-75.83388620151582
2024-11-21,474,-76.07044482943925
2024-11-21,475,-75.97383855568386
2024-11-21,476,-76.58372779627636
2024-11-22,477,-74.66198006284118
2024-11-22,478,-76.78447876523715
2024-11-23,479,-75.50405518892943
2024-11-23,480,-76.5495364215597
2024-11-23,481,-76.6453227855895
2024-11-24,482,-76.3129081764821
2024-11-24,483,-77.42772562611677
2024-11-24,484,-75.4350529204152
2024-11-25,485,-76.61008260497032
2024-11-25,486,-75.92223964352819
2024-11-25,487,-77.59430402564277
2024-11-26,488,-77.01214516346123
2024-11-26,489,-77.30049990402762
2024-11-27,490,-76.222608513835
2024-11-27,491,-76.72405216699153
2024-11-27,492,-78.80729266046221
2024-11-28,493,-77.46109605720208
2024-11-28,494,-76.84184647274685
2024-11-28,495,-77.52350623575323
2024-11-29,496,-75.44505675976407
2024-11-29,497,-76.7048549677298
2024-11-29,498,-74.47894039148504
2024-11-30,499,-76.47876309170172
2024-11-30,500,-78.00528708278195
2024-12-01,501,-76.85157076063773
2024-12-01,502,-75.51391461015167
2024-12-01,503,-77.58906030773724
2024-12-02,504,-78.03017976076697
2024-12-02,505,-77.72757822050501
2024-12-02,506,-78.46734620706935
2024-12-03,507,-76.49952856560608
2024-12-03,508,-77.63448379201479
2024-12-03,509,-75.23144680238994
2024-12-04,510,-78.40236041021053
2024-12-04,511,-78.32293195710965
2024-12-05,512,-77.04082947024776
2024-12-05,513,-77.50520891426076
2024-12-05,514,-77.48054825666622
2024-12-06,515,-78.31552926876661
2024-12-06,516,-78.44927718075012
2024-12-06,517,-78.49614308335961
2024-12-07,518,-77.62852338417952
2024-12-07,519,-77.68667571434968
2024-12-07,520,-78.06801817305775
2024-12-08,521,-78.73339041698239
2024-12-08,522,-77.02907122078749
2024-12-09,523,-77.66166406853074
2024-12-09,524,-77.58855772843573
2024-12-09,525,-77.55530686658662
2024-12-10,526,-78.45457455169858
2024-12-10,527,-77.51779843373397
2024-12-10,528,-78.38884759746036
2024-12-11,529,-82.73325123869795
2024-12-11,530,-78.48230629724358
2024-12-12,531,-80.06381835213645
2024-12-12,532,-77.30379859068915
2024-12-12,533,-78.19635395520956
2024-12-13,534,-79.13083287783087
2024-12-13,535,-78.95276847193674
2024-12-13,536,-77.3348018102907
2024-12-14,537,-77.20034245387168
2024-12-14,538,-79.63598302635071
2024-12-14,539,-79.21655657384986
2024-12-15,540,-79.27069793270628
2024-12-15,541,-80.80811271074815
2024-12-16,542,-78.17329476675057
2024-12-16,543,-77.9418168986178
2024-12-16,544,-79.19773325156984
2024-12-17,545,-79.34881535525976
2024-12-17,546,-79.27722532088158
2024-12-17,547,-75.01107567644048
2024-12-18,548,-78.05440295397162
2024-12-18,549,-78.36485558995888
2024-12-18,550,-79.33277368814204
2024-12-19,551,-79.62140805195827
2024-12-19,552,-79.86731660861304
2024-12-20,553,-79.77903104621598
2024-12-20,554,-80.06983590229633
2024-12-20,555,-81.78729050475451
2024-12-21,556,-79.31668748787571
2024-12-21,557,-78.76310479191869
2024-12-21,558,-79.41210406372684
2024-12-22,559,-79.80053333374755
2024-12-22,560,-79.34178633725541
2024-12-22,561,-80.4057865382004
2024-12-23,562,-78.32001122325948
2024-12-23,563,-78.49682064058628
2024-12-24,564,-79.69551088310243
2024-12-24,565,-78.29706196692197
2024-12-24,566,-79.64520061386736
2024-12-25,567,-78.91115518421734
2024-12-25,568,-79.07604935117575
2024-12-25,569,-79.79423677746632
2024-12-26,570,-81.34979952265306
2024-12-26,571,-80.09624470813547
2024-12-26,572,-79.30927117253353
2024-12-27,573,-78.88231887289376
2024-12-27,574,-79.63205151074807
2024-12-28,575,-79.7091855635487
2024-12-28,576,-79.70889410332626
2024-12-28,577,-80.84206208902116
2024-12-29,578,-79.981088914142
2024-12-29,579,-80.2540055614268
2024-12-29,580,-82.03738022436579
2024-12-30,581,-81.81529245570056
2024-12-30,582,-80.92961450840397
2024-12-31,583,-78.86883434952384
2024-12-31,584,-80.15896379809077
2024-12-31,585,-80.59258792769408
2025-01-01,586,-79.59274413841433
2025-01-01,587,-80.60001824091695
2025-01-01,588,-80.6095604856957
2025-01-02,589,-83.16969289794397
2025-01-02,590,-80.98732126615066
2025-01-02,591,-81.43551937604266
2025-01-03,592,-81.65643655106555
2025-01-03,593,-82.14761678685801
2025-01-04,594,-79.73391362374625
2025-01-04,595,-80.23241675414981
2025-01-04,596,-81.46606554983447
2025-01-05,597,-81.00776359951736
2025-01-05,598,-79.99963943266015
2025-01-05,599,-80.4632680239586
2025-01-06,600,-81.07513377458349
2025-01-06,601,-80.40074222069543
2025-01-06,602,-81.76264963419041
2025-01-07,603,-80.565154606138
2025-01-07,604,-80.98889796358814
2025-01-08,605,-80.6016793081721
2025-01-08,606,-81.73169979744357
2025-01-08,607,-81.74137310255314
2025-01-09,608,-81.630392192844
2025-01-09,609,-80.82289225589201
2025-01-09,610,-81.89803432809266
2025-01-10,611,-80.40332519097153
2025-01-10,612,-80.91371884179266
2025-01-10,613,-79.99008934580408
2025-01-11,614,-82.09889959936788
2025-01-11,615,-81.10672270158979
2025-01-12,616,-81.65771668536847
2025-01-12,617,-81.7941650100522
2025-01-12,618,-81.44925315611758
2025-01-13,619,-81.77850874205426
2025-01-13,620,-81.90481195473212
2025-01-13,621,-81.35097810296534
2025-01-14,622,-82.85925462643245
2025-01-14,623,-82.99314253921048
2025-01-14,624,-82.32012466668706
2025-01-15,625,-82.48504749731971
2025-01-15,626,-81.65302244581913
2025-01-16,627,-82.73677740984019
2025-01-16,628,-82.26082480131706
2025-01-16,629,-80.86828781519654
2025-01-17,630,-81.55535117421257
2025-01-17,631,-81.70630238457021
2025-01-17,632,-83.23617418315924
2025-01-18,633,-82.71881423000357
2025-01-18,634,-80.64683730279751
2025-01-19,635,-82.57024726212916
2025-01-19,636,-82.07654629315783
2025-01-19,637,-81.65563635241949
2025-01-20,638,-82.48283751285769
2025-01-20,639,-82.22167327873771
2025-01-20,640,-81.42973152684863
2025-01-21,641,-83.11513818995985
2025-01-21,642,-81.9775458135186
2025-01-21,643,-82.07388606171513
2025-01-22,644,-82.64001110709236
2025-01-22,645,-82.54733792110342
2025-01-23,646,-83.75095945146046
2025-01-23,647,-83.72564023214031
2025-01-23,648,-81.66392962086465
2025-01-24,649,-83.10839905839508
2025-01-24,650,-83.73998798997728
2025-01-24,651,-82.53057619713113
2025-01-25,652,-82.49594764860014
2025-01-25,653,-83.22472921006796
2025-01-25,654,-84.12238256060937
2025-01-26,655,-84.00991689287729
2025-01-26,656,-83.18748150255921
2025-01-27,657,-83.07658655228207
2025-01-27,658,-82.10225774084213
2025-01-27,659,-84.62322341157666
2025-01-28,660,-82.4212093100789
2025-01-28,661,-82.3710467706348
2025-01-28,662,-84.09192355127618
2025-01-29,663,-83.41274043507363
2025-01-29,664,-84.41795418763105
2025-01-29,665,-83.41104821183008
2025-01-30,666,-83.96424689339811
2025-01-30,667,-82.55141114807344
2025-01-31,668,-83.56457174030557
2025-01-31,669,-84.41893586637792
2025-01-31,670,-85.33457035074493
2025-02-01,671,-85.26607741500189
2025-02-01,672,-83.64425027311025
2025-02-01,673,-84.10812104493543
2025-02-02,674,-85.56268207918251
2025-02-02,675,-84.3346204897274
2025-02-02,676,-83.72315295693211
2025-02-03,677,-83.09821063603871
2025-02-03,678,-83.19636060895543
2025-02-04,679,-83.65180344822654
2025-02-04,680,-84.43586053797962
2025-02-04,681,-84.11962018712137
2025-02-05,682,-81.66038252940713
2025-02-05,683,-83.8199931077419
2025-02-05,684,-83.48861914170331
2025-02-06,685,-83.61033771077273
2025-02-06,686,-84.38677723546874
2025-02-07,687,-83.88165614667665
2025-02-07,688,-83.42749429387987
2025-02-07,689,-85.39117200506738
2025-02-08,690,-83.36019159438808
2025-02-08,691,-84.90539208735895
2025-02-08,692,-83.87530161505026
2025-02-09,693,-83.3750580415411
2025-02-09,694,-84.97499410126993
2025-02-09,695,-85.86359011967116
2025-02-10,696,-82.69491495627342
2025-02-10,697,-85.18798141285484
2025-02-11,698,-83.85980147406974
2025-02-11,699,-85.42657454037202
2025-02-11,700,-85.03311913056005
2025-02-12,701,-84.99211389262814
2025-02-12,702,-83.88963057666744
2025-02-12,703,-85.06751746089137
2025-02-13,704,-85.98044299698189
2025-02-13,705,-83.04448197946837
2025-02-13,706,-82.47781838082543
2025-02-14,707,-84.51252902981325
2025-02-14,708,-85.30415065600627
2025-02-15,709,-84.18834171043437
2025-02-15,710,-84.31592359557408
2025-02-15,711,-84.97931899987013
2025-02-16,712,-84.10227507223466
2025-02-16,713,-83.7867050799468
2025-02-16,714,-84.30518794398343
2025-02-17,715,-84.27304237634392
2025-02-17,716,-84.82271403677622
2025-02-17,717,-86.17597788932801
2025-02-18,718,-85.95217926483554
2025-02-18,719,-84.42926306598387
2025-02-19,720,-86.18804496998094
2025-02-19,721,-81.97519865245513
2025-02-19,722,-85.47641420124008
2025-02-20,723,-84.91404749855067
2025-02-20,724,-85.10725361500893
2025-02-20,725,-86.58841342320613
2025-02-21,726,-85.74829849032703
2025-02-21,727,-86.6032319323405
2025-02-21,728,-85.48601876889374
2025-02-22,729,-85.00232676084156
2025-02-22,730,-85.73808983526285
2025-02-23,731,-84.63495106828987
2025-02-23,732,-85.43569143597128
2025-02-23,733,-85.23163937210612
2025-02-24,734,-85.89660657854074
2025-02-24,735,-86.21984249915663
2025-02-24,736,-86.63147759725064
2025-02-25,737,-86.81985281894099
2025-02-25,738,-85.93789728762732
2025-02-26,739,-87.18788422849777
2025-02-26,740,-86.71456684153263
2025-02-26,741,-85.15096932452045
2025-02-27,742,-86.42849737173277
2025-02-27,743,-87.26764872025585
2025-02-27,744,-86.80704513214002
2025-02-28,745,-85.69558400659317
2025-02-28,746,-87.64192428897394
2025-02-28,747,-84.23064698630424
2025-03-01,748,-88.15583560528793
2025-03-01,749,-87.60159488991675
2025-03-02,750,-88.29661791963187
2025-03-02,751,-85.92550488616968
2025-03-02,752,-87.02098967099315
2025-03-03,753,-88.59961610100764
2025-03-03,754,-88.45015751095664
2025-03-03,755,-87.41125825374853
2025-03-04,756,-88.07089670720593
2025-03-04,757,-87.34505087303819
2025-03-04,758,-88.48472487261529
2025-03-05,759,-86.84169166424165
2025-03-05,760,-88.69653747225789
2025-03-06,761,-87.95979647018623
2025-03-06,762,-86.56557467395811
2025-03-06,763,-87.00833197204167
2025-03-07,764,-86.99442417279438
2025-03-07,765,-88.7823693291273
2025-03-07,766,-88.48321042663527
2025-03-08,767,-86.78551866931382
2025-03-08,768,-86.38121906898341
2025-03-08,769,-86.31317643219793
2025-03-09,770,-87.81332872328703
2025-03-09,771,-87.99433565229091
2025-03-10,772,-89.11269910559697
2025-03-10,773,-88.35684688936861
2025-03-10,774,-85.61624113992492
2025-03-11,775,-87.24338337308451
2025-03-11,776,-86.97275131013431
2025-03-11,777,-88.99189205923147
2025-03-12,778,-88.23662377756114
2025-03-12,779,-87.25792260005778
2025-03-12,780,-88.23952484126625
2025-03-13,781,-88.64259181242404
2025-03-13,782,-88.58915460599738
2025-03-14,783,-87.07976477616357
2025-03-14,784,-86.5039923373704
2025-03-14,785,-87.83572593879681
2025-03-15,786,-88.0717087406845
2025-03-15,787,-87.76362637195612
2025-03-15,788,-87.29121730859963
2025-03-16,789,-89.40877930630728
2025-03-16,790,-85.10320231959008
2025-03-17,791,-87.56031445105498
2025-03-17,792,-87.26808062494185
2025-03-17,793,-88.57299514296294
2025-03-18,794,-89.31162623514456
2025-03-18,795,-87.75738527938485
2025-03-18,796,-88.60505399631668
2025-03-19,797,-90.21534394597145
2025-03-19,798,-89.25258709969833
2025-03-19,799,-88.46979419335756
2025-03-20,800,-89.85108066689685
2025-03-20,801,-89.59030926153322
2025-03-21,802,-87.861393667642
2025-03-21,803,-89.25098396896259
2025-03-21,804,-89.29275844254865
2025-03-22,805,-87.07104756698192
2025-03-22,806,-87.93899596675384
2025-03-22,807,-87.0699611839571
2025-03-23,808,-88.21129533170203
2025-03-23,809,-89.11425974181827
2025-03-23,810,-89.2325451488533
2025-03-24,811,-89.13609110582607
2025-03-24,812,-88.95305592313105
2025-03-25,813,-98.1757835985771
2025-03-25,814,-90.36507553573011
2025-03-25,815,-88.03500814859362
2025-03-26,816,-88.81959295991476
2025-03-26,817,-89.2755349329283
2025-03-26,818,-90.13537795828556
2025-03-27,819,-88.30641667284743
2025-03-27,820,-89.27932965472473
2025-03-27,821,-88.85966684366367
2025-03-28,822,-90.9891164806382
2025-03-28,823,-89.5989216313291
2025-03-29,824,-88.12022441936784
2025-03-29,825,-91.54015714737803
2025-03-29,826,-90.06946117752608
2025-03-30,827,-88.32140419055902
2025-03-30,828,-90.26727293969533
2025-03-30,829,-90.33584306929592
2025-03-31,830,-90.57735771450663
2025-03-31,831,-90.16777793331032
2025-03-31,832,-90.1091034539787
2025-04-01,833,-87.14023205504648
2025-04-01,834,-91.23935925042285
2025-04-02,835,-89.49311065107271
2025-04-02,836,-90.05335933905727
2025-04-02,837,-89.9442402214022
2025-04-03,838,-89.27081157292245
2025-04-03,839,-89.21723193252085
2025-04-03,840,-87.96603555922317
2025-04-04,841,-89.43182869447774
2025-04-04,842,-93.44995818039251
2025-04-05,843,-90.63190361186689
2025-04-05,844,-89.45983523139408
2025-04-05,845,-89.43254100224722
2025-04-06,846,-91.2141370669476
2025-04-06,847,-89.56427248228199
2025-04-06,848,-91.31223336806445
2025-04-07,849,-89.74313800089968
2025-04-07,850,-89.88346830771113
2025-04-07,851,-88.15324708372715
2025-04-08,852,-89.55008979568493
2025-04-08,853,-89.51415567025093
2025-04-09,854,-88.8569374068109
2025-04-09,855,-88.39903533819711
2025-04-09,856,-89.18180511134432
2025-04-10,857,-89.96368083334094
2025-04-10,858,-90.20205551516646
2025-04-10,859,-88.9718079142457
2025-04-11,860,-89.73785826795257
2025-04-11,861,-88.39159791513075
2025-04-11,862,-88.68131130754871
2025-04-12,863,-89.64150743986558
2025-04-12,864,-87.99123891590807
2025-04-13,865,-90.53445004406126
2025-04-13,866,-88.86095962552446
2025-04-13,867,-90.26058659249017
2025-04-14,868,-85.01216830341447
2025-04-14,869,-89.71129934445568
2025-04-14,870,-88.10519380372092
2025-04-15,871,-88.77622356425053
2025-04-15,872,-89.11705087798794
2025-04-15,873,-90.20891599813326
2025-04-16,874,-88.71366798289083
2025-04-16,875,-90.77598048320174
2025-04-17,876,-88.57172774693065
2025-04-17,877,-87.17647704730646
2025-04-17,878,-89.62570782375579
2025-04-18,879,-86.12435126507009
2025-04-18,880,-88.32531800599953
2025-04-18,881,-89.4439297492597
2025-04-19,882,-88.66497025801813
2025-04-19,883,-88.90128291156405
2025-04-19,884,-89.1728388697692
2025-04-20,885,-88.31104030441384
2025-04-20,886,-88.28754120213617
2025-04-21,887,-89.4737764622225
2025-04-21,888,-88.00629516180396
2025-04-21,889,-87.61903633285118
2025-04-22,890,-89.65388795417934
2025-04-22,891,-88.41434391426465
2025-04-22,892,-85.89483287615235
2025-04-23,893,-87.89494154745597
2025-04-23,894,-87.67450100120944
2025-04-24,895,-87.97080897354351
2025-04-24,896,-87.57013079009712
2025-04-24,897,-88.45001134334466
2025-04-25,898,-89.04528338540091
2025-04-25,899,-86.89478890590196
2025-04-25,900,-87.45526930955951
2025-04-26,901,-85.59462227111186
2025-04-26,902,-87.00467135038191
2025-04-26,903,-86.66958051594729
2025-04-27,904,-87.43709800077282
2025-04-27,905,-86.85623057748595
2025-04-28,906,-86.95275281964003
2025-04-28,907,-88.60324549756733
2025-04-28,908,-88.27735062161318
2025-04-29,909,-88.18384267102272
2025-04-29,910,-89.14951196752423
2025-04-29,911,-84.09141654640527
2025-04-30,912,-87.23308224170164
2025-04-30,913,-87.64564945314956
2025-04-30,914,-86.67312920285515
2025-05-01,915,-87.59765892583594
2025-05-01,916,-86.33246596351638
2025-05-02,917,-87.74366098850948
2025-05-02,918,-87.93844474565111
2025-05-02,919,-85.9612741757726
2025-05-03,920,-86.86067779295718
2025-05-03,921,-87.2319644191087
2025-05-03,922,-87.77220553518181
2025-05-04,923,-86.378500585688
2025-05-04,924,-87.73037295689608
2025-05-04,925,-87.83843445076111
2025-05-05,926,-87.78610450600436
2025-05-05,927,-87.77738077438204
2025-05-06,928,-88.46151190381718
2025-05-06,929,-86.95984438981642
2025-05-06,930,-87.14835689184049
2025-05-07,931,-85.48762105801764
2025-05-07,932,-86.49151904502716
2025-05-07,933,-85.94483812653291
2025-05-08,934,-86.77257824038335
2025-05-08,935,-88.06803881480116
2025-05-08,936,-86.0145489258793
2025-05-09,937,-85.18430891000507
2025-05-09,938,-87.64542609609627
2025-05-10,939,-87.87598522833149
2025-05-10,940,-87.1822275534075
2025-05-10,941,-86.44149492086427
2025-05-11,942,-86.45361795434656
2025-05-11,943,-85.31302748492502
2025-05-11,944,-87.2561243512916
2025-05-12,945,-86.47228944541233
2025-05-12,946,-86.2098868071759
2025-05-13,947,-90.23991836398899
2025-05-13,948,-84.94994119504526
2025-05-13,949,-88.67871491342459
2025-05-14,950,-88.07798884055622
2025-05-14,951,-87.28670779208987
2025-05-14,952,-85.522773918919
2025-05-15,953,-86.33654830710493
2025-05-15,954,-85.46368152997465
2025-05-15,955,-86.37009547516145
2025-05-16,956,-86.37077613385448
2025-05-16,957,-84.61622151430167
2025-05-17,958,-85.17240802607158
2025-05-17,959,-86.56481495133079
2025-05-17,960,-84.05108725202386
2025-05-18,961,-83.64030507604288
2025-05-18,962,-86.09632315910075
2025-05-18,963,-85.6764711711791
2025-05-19,964,-86.13495333078856
2025-05-19,965,-84.8386982743553
2025-05-19,966,-84.0474107581304
2025-05-20,967,-85.41538675170402
2025-05-20,968,-87.03737838757085
2025-05-21,969,-85.0931824268852
2025-05-21,970,-83.96357476639864
2025-05-21,971,-84.70118937044592
2025-05-22,972,-85.27660071927636
2025-05-22,973,-85.93047376703792
2025-05-22,974,-83.6893686292179
2025-05-23,975,-86.3314034763913
2025-05-23,976,-83.91564043951982
2025-05-23,977,-84.47147338963204
2025-05-24,978,-85.92820169689747
2025-05-24,979,-84.96924864694974
2025-05-25,980,-84.50223462267789
2025-05-25,981,-83.67404854172176
2025-05-25,982,-84.91199611065798
2025-05-26,983,-84.76372712206317
2025-05-26,984,-84.97202892701091
2025-05-26,985,-85.30059305002257
2025-05-27,986,-84.30247582831623
2025-05-27,987,-83.84604524151273
2025-05-27,988,-85.39518921126773
2025-05-28,989,-84.57277243499816
2025-05-28,990,-82.42779670537155
2025-05-29,991,-83.57139225196539
2025-05-29,992,-85.07967104630575
2025-05-29,993,-84.07437726093303
2025-05-30,994,-85.69079346531991
2025-05-30,995,-85.39171982674716
2025-05-30,996,-85.31975152171283
2025-05-31,997,-85.14825498086373
2025-05-31,998,-83.99606533276574
2025-06-01,999,-82.98948339105334
